dataset,config,threads,run,in_bytes,out_bytes,comp_s,comp_rss_kib,decomp_s,decomp_rss_kib
logs,gzip-1,1,1,268435456,27352421,1.0060,2048,0.4111,1920
logs,gzip-1,1,2,268435456,27352421,0.9806,2176,0.3847,1792
logs,gzip-1,1,3,268435456,27352421,0.8812,2048,0.3604,1920
logs,gzip-6,1,1,268435456,21458228,2.7053,2048,0.2837,1792
logs,gzip-6,1,2,268435456,21458228,2.5429,2176,0.2775,1920
logs,gzip-6,1,3,268435456,21458228,2.6745,2048,0.3782,1920
logs,gzip-9,1,1,268435456,20672188,6.5335,2048,0.3154,1920
logs,gzip-9,1,2,268435456,20672188,6.4102,2048,0.2775,1920
logs,gzip-9,1,3,268435456,20672188,6.2768,2048,0.3380,1920
logs,pigz-6-T4,4,1,268435456,21425331,0.9458,5120,0.3518,2688
logs,pigz-6-T4,4,2,268435456,21425331,1.0014,4864,0.4214,2432
logs,pigz-6-T4,4,3,268435456,21425331,1.0588,5120,0.3210,2560
logs,bzip2-9,1,1,268435456,13067916,29.0535,8832,3.8095,4992
logs,bzip2-9,1,2,268435456,13067916,29.6878,8960,4.0705,5120
logs,bzip2-9,1,3,268435456,13067916,28.4078,8832,4.1800,5120
logs,lz4-1,1,1,268435456,33740834,0.3843,11204,0.1745,31360
logs,lz4-1,1,2,268435456,33740834,0.3509,11080,0.1741,31360
logs,lz4-1,1,3,268435456,33740834,0.3723,10948,0.1778,31360
logs,lz4-9,1,1,268435456,25672012,3.5552,11812,0.1389,31232
logs,lz4-9,1,2,268435456,25672012,3.7523,15016,0.1613,31232
logs,lz4-9,1,3,268435456,25672012,4.0226,11308,0.1594,31232
logs,lz4-1-T4,4,1,268435456,33740834,0.1742,53396,0.1522,31232
logs,lz4-1-T4,4,2,268435456,33740834,0.1839,52932,0.1557,31232
logs,lz4-1-T4,4,3,268435456,33740834,0.1624,46004,0.1836,31232
logs,zstd-1,1,1,268435456,18218155,0.6795,13056,0.2581,5888
logs,zstd-1,1,2,268435456,18218155,0.6343,13568,0.2047,5888
logs,zstd-1,1,3,268435456,18218155,0.6709,13312,0.1952,6144
logs,zstd-3,1,1,268435456,16612435,0.6035,38912,0.1972,7424
logs,zstd-3,1,2,268435456,16612435,0.7623,39040,0.1935,7552
logs,zstd-3,1,3,268435456,16612435,0.6425,39040,0.2561,7552
logs,zstd-9,1,1,268435456,13280992,2.9759,81664,0.2435,9600
logs,zstd-9,1,2,268435456,13280992,3.0955,81536,0.1925,9600
logs,zstd-9,1,3,268435456,13280992,3.2259,81664,0.1571,9600
logs,zstd-19,1,1,268435456,11163112,274.9550,219904,0.1642,13696
logs,zstd-19,1,2,268435456,11163112,211.1146,219648,0.1366,13568
logs,zstd-19,1,3,268435456,11163112,201.6297,219904,0.1342,13568
logs,zstd-3-T4,4,1,268435456,16612435,0.1472,69376,0.1552,6656
logs,zstd-3-T4,4,2,268435456,16612435,0.1544,69376,0.1602,6784
logs,zstd-3-T4,4,3,268435456,16612435,0.1436,69120,0.1632,6656
logs,zstd-19-T4,4,1,268435456,11163112,74.5530,573568,0.1403,12800
logs,zstd-19-T4,4,2,268435456,11163112,75.0533,573696,0.1188,12928
logs,zstd-19-T4,4,3,268435456,11163112,74.4516,573696,0.1217,12800
logs,zstd-19-long-T4,4,1,268435456,11079150,81.2745,702208,0.1834,135552
logs,zstd-19-long-T4,4,2,268435456,11079150,81.7515,702336,0.1661,135680
logs,zstd-19-long-T4,4,3,268435456,11079150,81.0995,702336,0.1995,135680
logs,xz-0,1,1,268435456,13941548,3.2699,4736,0.5619,2304
logs,xz-0,1,2,268435456,13941548,3.0894,4608,0.5567,2304
logs,xz-0,1,3,268435456,13941548,3.0586,4608,0.5485,2432
logs,xz-6,1,1,268435456,11197160,45.5190,97152,0.4949,10368
logs,xz-6,1,2,268435456,11197160,44.3492,97280,0.4919,10240
logs,xz-6,1,3,268435456,11197160,44.7788,97152,0.5733,10368
logs,xz-9,1,1,268435456,11231584,56.1486,672768,0.5264,67584
logs,xz-9,1,2,268435456,11231584,55.9413,673024,0.5336,67584
logs,xz-9,1,3,268435456,11231584,55.8577,672896,0.5166,67712
logs,xz-6-T4,4,1,268435456,11283012,15.0001,488576,0.2703,179208
logs,xz-6-T4,4,2,268435456,11283012,15.2109,489600,0.2586,187304
logs,xz-6-T4,4,3,268435456,11283012,14.9342,488320,0.2106,234432
dbdump,gzip-1,1,1,268435456,60396931,1.5390,2048,0.6191,1792
dbdump,gzip-1,1,2,268435456,60396931,1.5131,2176,0.6164,1920
dbdump,gzip-1,1,3,268435456,60396931,1.4919,2048,0.6148,1792
dbdump,gzip-6,1,1,268435456,52532680,4.9815,1920,0.6424,1792
dbdump,gzip-6,1,2,268435456,52532680,4.6972,2176,0.5692,1920
dbdump,gzip-6,1,3,268435456,52532680,4.8018,1920,0.6249,1792
dbdump,gzip-9,1,1,268435456,51622069,12.5606,1920,0.6154,1792
dbdump,gzip-9,1,2,268435456,51622069,12.5573,2048,0.6002,1920
dbdump,gzip-9,1,3,268435456,51622069,12.6167,2048,0.6145,1920
dbdump,pigz-6-T4,4,1,268435456,52383994,1.4725,5120,0.6154,2560
dbdump,pigz-6-T4,4,2,268435456,52383994,1.3132,4992,0.5813,2688
dbdump,pigz-6-T4,4,3,268435456,52383994,1.3504,4992,0.5816,2432
dbdump,bzip2-9,1,1,268435456,41939477,19.1235,7936,5.2133,4992
dbdump,bzip2-9,1,2,268435456,41939477,19.5703,7936,4.8226,4992
dbdump,bzip2-9,1,3,268435456,41939477,19.1164,7936,5.2383,4992
dbdump,lz4-1,1,1,268435456,80578156,0.4497,12352,0.1496,32768
dbdump,lz4-1,1,2,268435456,80578156,0.4557,12356,0.1576,32768
dbdump,lz4-1,1,3,268435456,80578156,0.4672,12352,0.1511,32768
dbdump,lz4-9,1,1,268435456,62865741,4.9774,12456,0.1531,32256
dbdump,lz4-9,1,2,268435456,62865741,5.4042,12452,0.1539,32256
dbdump,lz4-9,1,3,268435456,62865741,4.9712,13096,0.1541,32384
dbdump,lz4-1-T4,4,1,268435456,80578156,0.1552,39204,0.1351,32768
dbdump,lz4-1-T4,4,2,268435456,80578156,0.1609,38740,0.1468,32768
dbdump,lz4-1-T4,4,3,268435456,80578156,0.1578,40816,0.1416,32768
dbdump,zstd-1,1,1,268435456,51964282,0.9110,14592,0.2221,6016
dbdump,zstd-1,1,2,268435456,51964282,0.9199,14464,0.2511,6144
dbdump,zstd-1,1,3,268435456,51964282,1.0401,14976,0.2576,6144
dbdump,zstd-3,1,1,268435456,51381560,1.2115,43520,0.2710,7552
dbdump,zstd-3,1,2,268435456,51381560,1.1226,43520,0.2595,7552
dbdump,zstd-3,1,3,268435456,51381560,1.0836,43904,0.2554,7424
dbdump,zstd-9,1,1,268435456,45674068,4.2969,85376,0.2446,9600
dbdump,zstd-9,1,2,268435456,45674068,4.4205,85376,0.2647,9600
dbdump,zstd-9,1,3,268435456,45674068,4.4272,85248,0.2411,9472
dbdump,zstd-19,1,1,268435456,38663774,134.9170,226048,0.2310,13696
dbdump,zstd-19,1,2,268435456,38663774,134.8286,226048,0.2333,13696
dbdump,zstd-19,1,3,268435456,38663774,134.3978,226048,0.2293,13696
dbdump,zstd-3-T4,4,1,268435456,51381560,0.3035,79104,0.2463,6656
dbdump,zstd-3-T4,4,2,268435456,51381560,0.3161,78720,0.2467,6656
dbdump,zstd-3-T4,4,3,268435456,51381560,0.3046,77568,0.2491,6784
dbdump,zstd-19-T4,4,1,268435456,38663774,46.2975,594560,0.2438,12800
dbdump,zstd-19-T4,4,2,268435456,38663774,46.5367,594432,0.2180,12928
dbdump,zstd-19-T4,4,3,268435456,38663774,46.1276,594688,0.2128,12928
dbdump,zstd-19-long-T4,4,1,268435456,38239950,54.9056,721408,0.2976,135808
dbdump,zstd-19-long-T4,4,2,268435456,38239950,54.7118,721280,0.2863,135680
dbdump,zstd-19-long-T4,4,3,268435456,38239950,54.5715,721152,0.2881,135680
dbdump,xz-0,1,1,268435456,48534176,7.8467,4736,1.7146,2304
dbdump,xz-0,1,2,268435456,48534176,8.0491,4608,1.6048,2304
dbdump,xz-0,1,3,268435456,48534176,8.1751,4608,1.6014,2432
dbdump,xz-6,1,1,268435456,37030108,82.4998,97408,1.4490,10368
dbdump,xz-6,1,2,268435456,37030108,83.1975,97408,1.5899,10240
dbdump,xz-6,1,3,268435456,37030108,82.8393,97408,1.5017,10368
dbdump,xz-9,1,1,268435456,36213452,123.1789,691200,1.5237,67584
dbdump,xz-9,1,2,268435456,36213452,123.4889,691200,1.5299,67584
dbdump,xz-9,1,3,268435456,36213452,122.8557,691072,1.5272,67456
dbdump,xz-6-T4,4,1,268435456,37273616,26.7573,512000,0.4953,208144
dbdump,xz-6-T4,4,2,268435456,37273616,27.1172,512000,0.4999,208260
dbdump,xz-6-T4,4,3,268435456,37273616,27.5615,509952,0.5029,208292
rootfs,gzip-1,1,1,268435456,105254032,3.1298,2176,1.0657,1920
rootfs,gzip-1,1,2,268435456,105254032,3.4361,2048,1.0995,1920
rootfs,gzip-1,1,3,268435456,105254032,3.0634,2176,1.0520,1920
rootfs,gzip-6,1,1,268435456,95860152,9.0386,2048,0.9188,1920
rootfs,gzip-6,1,2,268435456,95860152,8.6242,2176,0.9555,1792
rootfs,gzip-6,1,3,268435456,95860152,8.7039,2048,0.9098,1920
rootfs,gzip-9,1,1,268435456,95355110,29.5967,2176,1.0197,1792
rootfs,gzip-9,1,2,268435456,95355110,29.3046,2048,0.9068,1920
rootfs,gzip-9,1,3,268435456,95355110,29.2206,2048,0.8858,1920
rootfs,pigz-6-T4,4,1,268435456,95695964,2.3202,5888,0.9637,2560
rootfs,pigz-6-T4,4,2,268435456,95695964,2.5963,5760,0.8502,2688
rootfs,pigz-6-T4,4,3,268435456,95695964,2.3535,6016,0.8534,2432
rootfs,bzip2-9,1,1,268435456,86124685,18.0247,8832,7.2344,4992
rootfs,bzip2-9,1,2,268435456,86124685,18.3032,8832,6.8111,4992
rootfs,bzip2-9,1,3,268435456,86124685,18.5931,8832,6.8132,4992
rootfs,lz4-1,1,1,268435456,137445243,0.5334,13768,0.1742,34048
rootfs,lz4-1,1,2,268435456,137445243,0.5353,13764,0.1740,34048
rootfs,lz4-1,1,3,268435456,137445243,0.5384,14660,0.1739,34048
rootfs,lz4-9,1,1,268435456,111592319,7.0080,15016,0.1701,33536
rootfs,lz4-9,1,2,268435456,111592319,6.4999,13732,0.1676,33536
rootfs,lz4-9,1,3,268435456,111592319,6.8574,13740,0.1666,33536
rootfs,lz4-1-T4,4,1,268435456,137445243,0.1873,54280,0.1644,33920
rootfs,lz4-1-T4,4,2,268435456,137445243,0.1876,49212,0.1568,33920
rootfs,lz4-1-T4,4,3,268435456,137445243,0.1827,50892,0.1598,33920
rootfs,zstd-1,1,1,268435456,102135454,1.1875,16128,0.2991,6144
rootfs,zstd-1,1,2,268435456,102135454,1.1828,16896,0.2968,6272
rootfs,zstd-1,1,3,268435456,102135454,1.1783,17280,0.2949,6144
rootfs,zstd-3,1,1,268435456,89542082,1.4192,44672,0.3878,7808
rootfs,zstd-3,1,2,268435456,89542082,1.5358,42624,0.3526,7680
rootfs,zstd-3,1,3,268435456,89542082,1.4185,42880,0.3317,7808
rootfs,zstd-9,1,1,268435456,80442476,4.9317,94336,0.3228,9728
rootfs,zstd-9,1,2,268435456,80442476,5.0373,94208,0.3459,9728
rootfs,zstd-9,1,3,268435456,80442476,5.0033,87936,0.3277,9728
rootfs,zstd-19,1,1,268435456,70326452,93.6240,230016,0.4008,13824
rootfs,zstd-19,1,2,268435456,70326452,93.5922,229888,0.4039,13824
rootfs,zstd-19,1,3,268435456,70326452,93.5058,229888,0.4033,13824
rootfs,zstd-3-T4,4,1,268435456,89542082,0.3914,88832,0.3175,7040
rootfs,zstd-3-T4,4,2,268435456,89542082,0.3997,85632,0.3227,7040
rootfs,zstd-3-T4,4,3,268435456,89542082,0.3980,85760,0.3287,6912
rootfs,zstd-19-T4,4,1,268435456,70326452,35.9112,615040,0.3892,12928
rootfs,zstd-19-T4,4,2,268435456,70326452,35.3728,622976,0.3772,12928
rootfs,zstd-19-T4,4,3,268435456,70326452,36.0093,615040,0.3858,13056
rootfs,zstd-19-long-T4,4,1,268435456,69529238,41.3877,739584,0.4379,135680
rootfs,zstd-19-long-T4,4,2,268435456,69529238,41.1209,739840,0.4304,135936
rootfs,zstd-19-long-T4,4,3,268435456,69529238,41.1610,739712,0.4374,135936
rootfs,xz-0,1,1,268435456,78437824,12.1807,4608,2.5884,2304
rootfs,xz-0,1,2,268435456,78437824,12.1251,4608,2.5649,2432
rootfs,xz-0,1,3,268435456,78437824,12.2644,4608,2.5401,2432
rootfs,xz-6,1,1,268435456,64122592,83.1952,97408,2.4839,10240
rootfs,xz-6,1,2,268435456,64122592,82.5906,97152,2.1266,10240
rootfs,xz-6,1,3,268435456,64122592,82.4531,97152,2.4956,10240
rootfs,xz-9,1,1,268435456,62990240,99.7851,691328,2.1782,67456
rootfs,xz-9,1,2,268435456,62990240,100.1305,691200,2.2056,67584
rootfs,xz-9,1,3,268435456,62990240,99.1339,691328,2.4996,67584
rootfs,xz-6-T4,4,1,268435456,64496660,29.5729,522624,0.7608,230436
rootfs,xz-6-T4,4,2,268435456,64496660,29.7413,522496,0.7539,223404
rootfs,xz-6-T4,4,3,268435456,64496660,29.8074,522624,0.7642,229184
video,gzip-1,1,1,268435456,267916859,6.4051,2048,0.6881,1920
video,gzip-1,1,2,268435456,267916859,5.9870,1920,0.6449,1920
video,gzip-1,1,3,268435456,267916859,6.2993,2048,0.6571,1792
video,gzip-6,1,1,268435456,267864760,6.2387,2048,0.6427,1792
video,gzip-6,1,2,268435456,267864760,6.7969,1920,0.6436,1792
video,gzip-6,1,3,268435456,267864760,6.1876,1920,0.6386,1920
video,gzip-9,1,1,268435456,267863137,6.6292,2048,0.6670,1792
video,gzip-9,1,2,268435456,267863137,6.3921,1920,0.7283,1920
video,gzip-9,1,3,268435456,267863137,6.4901,1920,0.6418,1792
video,pigz-6-T4,4,1,268435456,267902112,1.6860,6016,0.2388,2560
video,pigz-6-T4,4,2,268435456,267902112,1.7463,5888,0.2343,2560
video,pigz-6-T4,4,3,268435456,267902112,1.8847,6144,0.3063,2432
video,bzip2-9,1,1,268435456,268933239,22.8497,7936,13.0616,4992
video,bzip2-9,1,2,268435456,268933239,22.8021,7936,13.1285,4992
video,bzip2-9,1,3,268435456,268933239,22.1196,7936,12.8881,4992
video,lz4-1,1,1,268435456,268293735,0.2685,16768,0.1589,30720
video,lz4-1,1,2,268435456,268293735,0.2893,18628,0.1607,30720
video,lz4-1,1,3,268435456,268293735,0.2683,14536,0.1587,30720
video,lz4-9,1,1,268435456,268261258,5.9940,19112,0.1329,34944
video,lz4-9,1,2,268435456,268261258,5.9314,19112,0.1517,34816
video,lz4-9,1,3,268435456,268261258,6.0425,18988,0.1338,34816
video,lz4-1-T4,4,1,268435456,268293735,0.1406,39108,0.0972,30592
video,lz4-1-T4,4,2,268435456,268293735,0.1424,43200,0.1017,30720
video,lz4-1-T4,4,3,268435456,268293735,0.1447,47040,0.0961,30720
video,zstd-1,1,1,268435456,268256645,0.3649,18176,0.0840,6016
video,zstd-1,1,2,268435456,268256645,0.3665,18304,0.0822,5888
video,zstd-1,1,3,268435456,268256645,0.3766,18304,0.0818,6144
video,zstd-3,1,1,268435456,268246931,0.4209,47616,0.0824,7552
video,zstd-3,1,2,268435456,268246931,0.4315,55808,0.0839,7680
video,zstd-3,1,3,268435456,268246931,0.4415,56064,0.0828,7680
video,zstd-9,1,1,268435456,268241017,0.8021,114560,0.0825,9728
video,zstd-9,1,2,268435456,268241017,0.7934,98176,0.0931,9728
video,zstd-9,1,3,268435456,268241017,0.9386,114560,0.0990,9728
video,zstd-19,1,1,268435456,267966084,58.1248,251520,0.0963,13568
video,zstd-19,1,2,268435456,267966084,57.9349,251648,0.0996,13696
video,zstd-19,1,3,268435456,267966084,58.3172,284544,0.1144,13696
video,zstd-3-T4,4,1,268435456,268246931,0.1829,107520,0.0560,6784
video,zstd-3-T4,4,2,268435456,268246931,0.1742,115712,0.0573,6784
video,zstd-3-T4,4,3,268435456,268246931,0.1825,115712,0.0548,6912
video,zstd-19-T4,4,1,268435456,267966084,18.9342,762112,0.0656,12928
video,zstd-19-T4,4,2,268435456,267966084,18.9278,761856,0.0594,12800
video,zstd-19-T4,4,3,268435456,267966084,19.2266,696320,0.0596,13056
video,zstd-19-long-T4,4,1,268435456,267957308,29.2822,925696,0.1042,135936
video,zstd-19-long-T4,4,2,268435456,267957308,28.9621,925440,0.1010,135808
video,zstd-19-long-T4,4,3,268435456,267957308,29.1006,925568,0.1074,135808
video,xz-0,1,1,268435456,268224536,37.9455,4608,0.1384,2432
video,xz-0,1,2,268435456,268224536,37.4698,4736,0.1513,2304
video,xz-0,1,3,268435456,268224536,37.6866,4480,0.1331,2432
video,xz-6,1,1,268435456,268194532,94.5868,97408,0.3376,10368
video,xz-6,1,2,268435456,268194532,94.2249,97280,0.3171,10112
video,xz-6,1,3,268435456,268194532,94.7824,97408,0.2890,10112
video,xz-9,1,1,268435456,268183396,128.7413,691328,0.4471,67712
video,xz-9,1,2,268435456,268183396,128.8985,691328,0.4067,67584
video,xz-9,1,3,268435456,268183396,129.3564,691200,0.4009,67712
video,xz-6-T4,4,1,268435456,268195076,29.1044,628352,0.1812,199736
video,xz-6-T4,4,2,268435456,268195076,29.1967,652800,0.1884,251084
video,xz-6-T4,4,3,268435456,268195076,29.5170,653056,0.1819,252664
